{"count":1,"self":309.2426752,"total":3562.2201898999997,"children":{"InitializeActuators":{"count":60,"self":0.0010006,"total":0.0010006,"children":null},"InitializeSensors":{"count":60,"self":0.0070015999999999993,"total":0.0070015999999999993,"children":null},"AgentSendState":{"count":342151,"self":434.1120512,"total":584.2370174,"children":{"CollectObservations":{"count":4105860,"self":3.0090296,"total":3.0090296999999997,"children":null},"WriteActionMask":{"count":4105860,"self":3.06303,"total":3.06303,"children":null},"RequestDecision":{"count":4105860,"self":7.7777496,"total":144.052908,"children":{"AgentInfo.ToProto":{"count":4105860,"self":8.5469391999999988,"total":136.2751586,"children":{"GenerateSensorData":{"count":4105860,"self":97.2371392,"total":127.72821929999999,"children":{"RayPerceptionSensor.Perceive":{"count":12317580,"self":30.491081599999998,"total":30.491080099999998,"children":null}}}}}}}}},"DecideAction":{"count":342151,"self":2637.0455552,"total":2637.0455363,"children":null},"AgentAct":{"count":342151,"self":31.2098208,"total":31.2098218,"children":null},"AgentInfo.ToProto":{"count":13680,"self":0.0310094,"total":0.4761319,"children":{"GenerateSensorData":{"count":13680,"self":0.3450955,"total":0.4451225,"children":{"RayPerceptionSensor.Perceive":{"count":41040,"self":0.10002699999999999,"total":0.10002699999999999,"children":null}}}}}},"gauges":{"MinerAgent.CumulativeReward":{"count":13680,"max":0.860000253,"min":-0.5299998,"runningAverage":-0.163452789,"value":-0.270000041,"weightedAverage":-0.09850939}},"metadata":{"timer_format_version":"0.1.0","start_time_seconds":"1648075487","unity_version":"2020.3.27f1","command_line_arguments":"C:\\Program Files\\Unity\\Hub\\Editor\\2020.3.27f1\\Editor\\Unity.exe -projectpath C:\\Users\\17325\\OneDrive\\Documents\\Advanced_Game_Programming\\MultiplayerTraning -useHub -hubIPC -cloudEnvironment production -licensingIpc LicenseClient-17325 -hubSessionId c0a4aa60-aaf1-11ec-abf1-4b8af46b534e -accessToken Sy0fLOoaaVyXjf4QhH36v3DlLEVfJ1or8F8ENEMhwo8002f","communication_protocol_version":"1.5.0","com.unity.ml-agents_version":"2.2.1-exp.1","scene_name":"Training","end_time_seconds":"1648079049"}}