{"cameraMode":{"drawMode":0,"name":"Shaded","section":"Shading Mode"},"sceneLighting":false,"audioPlay":false,"sceneViewState":{"m_AlwaysRefresh":false,"showFog":true,"showSkybox":false,"showFlares":true,"showImageEffects":true,"showParticleSystems":true,"showVisualEffectGraphs":true,"m_FxEnabled":true},"in2DMode":false,"pivot":{"x":-40.076881408691409,"y":0.7116910815238953,"z":14.406618118286133},"rotation":{"x":0.017085988074541093,"y":-0.9829071164131165,"z":0.12840105593204499,"w":0.13079924881458283},"size":0.5727795362472534,"orthographic":false}