{"cameraMode":{"drawMode":0,"name":"Shaded","section":"Shading Mode"},"sceneLighting":false,"audioPlay":false,"sceneViewState":{"m_AlwaysRefresh":false,"showFog":true,"showSkybox":false,"showFlares":true,"showImageEffects":true,"showParticleSystems":true,"showVisualEffectGraphs":true,"m_FxEnabled":true},"in2DMode":false,"pivot":{"x":9.168682098388672,"y":13.171584129333496,"z":7.427682399749756},"rotation":{"x":0.021324358880519868,"y":-0.8890407681465149,"z":0.45541051030158999,"w":0.04163490608334541},"size":7.836956024169922,"orthographic":false}